Book Id,Title,Author,Author l-f,Additional Authors,ISBN,ISBN13,My Rating,Average Rating,Publisher,Binding,Number of Pages,Year Published,Original Publication Year,Date Read,Date Added,Bookshelves,Bookshelves with positions,Exclusive Shelf,My Review,Spoiler,Private Notes,Read Count,Owned Copies102955228,Salvar o fogo,Itamar Vieira Junior,"Junior, Itamar Vieira",,"=""6556924172""","=""9786556924175""",0,4.22,Todavia,Hardcover,320,2023,2023,,2024/09/07,to-read,to-read (#133),to-read,,,,0,0
82888,Dom Casmurro,Machado de Assis,"Assis, Machado de",,"=""0850515033""","=""9780850515039""",0,4.32,Luso-Brazilian Books,Paperback,176,2005,1899,,2024/07/04,currently-reading,currently-reading (#2),currently-reading,,,,1,0
34852067,Lugar de Negro,Lélia Gonzalez,"Gonzalez, Lélia",Carlos Hasenbalg,"=""""","=""""",0,4.37,Marco Zero,,115,1982,,,2024/08/21,to-read,to-read (#132),to-read,,,,0,0
500503,"Sailor Moon, Vol. 1 (Sailor Moon, #1)",Naoko Takeuchi,"Takeuchi, Naoko",,"=""189221301X""","=""9781892213013""",0,4.32,Tokyopop,Paperback,200,1998,1992,,2024/08/16,to-read,to-read (#131),to-read,,,,0,0
122779179,Na Sala dos Espelhos,Liv Strömquist,"Strömquist, Liv",Kristin Lie Garrubo,"=""6584953076""","=""9786584953079""",0,4.24,Quadrinhos na Cia,Paperback,168,2023,2021,,2024/08/10,to-read,to-read (#130),to-read,,,,0,0
2735090,Oms en série,Stefan Wul,"Wul, Stefan",,"=""2070415600""","=""9782070415601""",0,3.63,Folio,Mass Market Paperback,185,2000,1957,,2024/08/09,to-read,to-read (#129),to-read,,,,0,0
4929,Kafka on the Shore,Haruki Murakami,"Murakami, Haruki",Philip Gabriel,"=""""","=""""",0,4.13,Vintage International,Paperback,467,2006,2002,,2024/07/18,to-read,to-read (#128),to-read,,,,0,0
194746,No Longer Human,Osamu Dazai,"Dazai, Osamu",Donald Keene,"=""""","=""""",0,3.99,New Directions,Paperback,176,1958,1948,,2024/07/18,to-read,to-read (#127),to-read,,,,0,0
6468157,Homunculus 1,Hideo Yamamoto,"Yamamoto, Hideo",,"=""""","=""""",0,4.24,,ebook,256,2002,2003,,2024/07/18,to-read,to-read (#126),to-read,,,,0,0
6585597,Deuses Americanos,Neil Gaiman,"Gaiman, Neil",Fátima Andrade,"=""9722341537""","=""9789722341530""",0,4.11,Editorial Presenca,Paperback,493,2009,2001,,2024/06/26,currently-reading,currently-reading (#1),currently-reading,,,,1,0
61024787,O céu entre mundos,Sandra Menezes,"Menezes, Sandra",,"=""6587746403""","=""9786587746401""",0,3.73,Editora Malê,Paperback,166,2021,,,2024/07/05,to-read,to-read (#125),to-read,,,,0,0
75254209,Quando os pássaros voltarem (Portuguese Edition),Fernando Aramburu,"Aramburu, Fernando","Ari Roitman, Paulina Wacht","=""6555604670""","=""9786555604672""",0,3.66,Intrínseca,Kindle Edition,747,2023,2021,,2024/07/04,to-read,to-read (#124),to-read,,,,0,0
39683789,A Ordem do Tempo,Carlo Rovelli,"Rovelli, Carlo",Silvana Cobucci,"=""8547000569""","=""9788547000561""",0,4.12,Objetiva,Paperback,192,2018,2017,,2024/07/04,to-read,to-read (#123),to-read,,,,0,0
200326949,Os rostos que tenho,Nélida Piñon,"Piñon, Nélida",,"=""6555878665""","=""9786555878660""",0,4.00,Record,Kindle Edition,302,2023,,,2024/07/04,to-read,to-read (#122),to-read,,,,0,0
45167397,A Ridícula Ideia de Nunca Mais Te Ver,Rosa Montero,"Montero, Rosa",,"=""858880882X""","=""9788588808829""",0,4.11,Todavia,Kindle Edition,231,2019,2013,,2024/07/04,to-read,to-read (#121),to-read,,,,0,0
202111721,O perigo de estar lúcida,Rosa Montero,"Montero, Rosa",,"=""6556925497""","=""9786556925493""",5,4.13,Todavia,Paperback,272,2023,2022,2024/07/04,2024/03/01,,,read,Este livro me tirou da solidão. Não existo sozinha.,,,1,0
276030,O Homem que Confundiu Sua Mulher com um Chapéu,Oliver Sacks,"Sacks, Oliver",Laura Teixeira Motta,"=""8571646899""","=""9788571646896""",0,4.05,Companhia das Letras,Paperback,272,1997,1985,,2020/12/04,abandonado-temporariamente,abandonado-temporariamente (#9),abandonado-temporariamente,,,,1,0
41885460,Assim falou Zaratustra (Portuguese Edition),Friedrich Nietzsche,"Nietzsche, Friedrich",,"=""8525431958""","=""9788525431950""",0,4.07,L&PM Editores,Kindle Edition,313,2014,1883,,2024/02/18,abandonado-temporariamente,abandonado-temporariamente (#8),abandonado-temporariamente,,,,1,0
56523604,É assim que se perde a guerra do tempo,Amal El-Mohtar,"El-Mohtar, Amal","Max Gladstone, Natalia Borges Polesso","=""6557821172""","=""9786557821176""",0,3.88,Suma,Kindle Edition,192,2021,2019,,2024/05/24,to-read,to-read (#120),to-read,,,,0,0
20744034,A Cabeça do Santo,Socorro Acioli,"Acioli, Socorro",,"=""8535923691""","=""9788535923698""",0,4.29,Companhia das Letras,Paperback,176,2014,2014,,2024/05/21,to-read,to-read (#119),to-read,,,,0,0
1820172,Violetas na Janela,Vera Lúcia Marinzeck de Carvalho,"Carvalho, Vera Lúcia Marinzeck de",Patricia,"=""857253010X""","=""""",0,3.93,Petit,Paperback,222,1994,1993,,2024/05/12,to-read,to-read (#118),to-read,,,,0,0
13000848,Anxiety and Evil in the Writings of Patricia Highsmith,Fiona Peters,"Peters, Fiona",,"=""1409423344""","=""9781409423348""",0,4.67,Routledge,Hardcover,210,2011,2011,,2024/05/01,to-read,to-read (#117),to-read,,,,0,0
251912,"Vagabond, Vol. 1",Takehiko Inoue,"Inoue, Takehiko",,"=""1591160340""","=""9781591160342""",0,4.46,VIZ Media LLC,Paperback,248,2002,1999,,2024/04/29,to-read,to-read (#116),to-read,,,,0,0
53201698,O Amanhã Não Está à Venda,Ailton Krenak,"Krenak, Ailton",,"=""""","=""""",0,4.29,Companhia das Letras,Kindle Edition,22,2020,2020,,2024/04/01,to-read,to-read (#115),to-read,,,,0,0
5152227,Eram os Deuses Astronautas?,Erich von Däniken,"Däniken, Erich von",,"=""8506032113""","=""""",0,3.53,Melhoramentos,Paperback,180,2008,1968,,2024/03/28,to-read,to-read (#114),to-read,,,,0,0
85403668,Viagem A Terra Do Brasil,Jean de Léry,"Léry, Jean de",,"=""8531904072""","=""9788531904073""",0,0.0,Itatiaia,Paperback,0,2007,,,2024/03/28,to-read,to-read (#113),to-read,,,,0,0
10358250,Inferno,August Strindberg,"Strindberg, August",Carlo Picchio,"=""8879834428""","=""9788879834421""",0,3.59,Newton Compton,Paperback,98,1994,1897,,2024/03/26,to-read,to-read (#112),to-read,,,,0,0
11297,Norwegian Wood,Haruki Murakami,"Murakami, Haruki",Jay Rubin,"=""0375704027""","=""9780375704024""",0,4.01,Vintage Books,Paperback,296,2000,1987,,2024/03/21,to-read,to-read (#111),to-read,,,,0,0
62315670,Impossible People: A Completely Average Recovery Story,Julia Wertz,"Wertz, Julia",,"=""0762468254""","=""9780762468256""",0,4.34,Black Dog & Leventhal,Hardcover,320,2023,2023,,2024/03/11,to-read,to-read (#110),to-read,,,,0,0
3153393,A menina que roubava livros,Markus Zusak,"Zusak, Markus",Vera Ribeiro,"=""8598078174""","=""9788598078175""",0,4.39,Intrínseca,Paperback,480,2007,2005,,2023/08/17,abandonado-temporariamente,abandonado-temporariamente (#7),abandonado-temporariamente,,,,0,0
50078730,"Boa Noite Punpun, Volume 7 (Boa Noite Punpun, #7)",Inio Asano,"Asano, Inio",,"=""8545712278""","=""9788545712275""",0,4.52,JBC,Paperback,376,2019,2017,,2023/05/21,abandonado-temporariamente,abandonado-temporariamente (#6),abandonado-temporariamente,,,,0,0
1099648,Macunaima,Mário de Andrade,"Andrade, Mário de",,"=""0394534123""","=""9780394534121""",0,3.58,Random House,Hardcover,168,1984,1928,,2024/02/23,to-read,to-read (#109),to-read,,,,0,0
6262794,Um Defeito de Cor,Ana Maria Gonçalves,"Gonçalves, Ana Maria",,"=""8501071757""","=""9788501071750""",0,4.75,Record,Paperback,952,2006,2006,,2024/02/14,to-read,to-read (#108),to-read,,,,0,0
550165,Ecotopia,Ernest Callenbach,"Callenbach, Ernest",,"=""0553348477""","=""9780553348477""",0,3.59,Bantam,Paperback,181,1990,1975,,2024/01/24,to-read,to-read (#107),to-read,,,,0,0
167029791,OS DESPOSSUIDOS,Ursula K. Le Guin,"Guin, Ursula K. Le",,"=""""","=""""",0,4.25,CIRCULO DO LIVRO,Board Book,0,1974,1974,,2024/01/24,to-read,to-read (#106),to-read,,,,0,0
44024444,Torto Arado,Itamar Vieira Junior,"Junior, Itamar Vieira",,"=""9896605777""","=""9789896605773""",5,4.49,Leya,Paperback,280,2019,2019,2024/01/21,2022/12/06,,,read,,,,1,0
22283948,Degenerado,Chloé Cruchaudet,"Cruchaudet, Chloé",,"=""8415850387""","=""9788415850380""",5,3.93,Dibbuks,Hardcover,160,2014,2013,2024/01/17,2024/01/09,hqs-e-afins,hqs-e-afins (#8),read,"Esplêndido, encantador, dramático, mágico, trágico ",,,1,0
3918010,Kick-Ass,Mark Millar,"Millar, Mark",John Romita Jr.,"=""0785132619""","=""9780785132615""",0,4.06,Marvel Comics,Paperback,144,2011,2010,,2024/01/17,to-read,to-read (#105),to-read,,,,0,0
75710451,Como a Europa subdesenvolveu a África (Portuguese Edition),Walter Rodney,"Rodney, Walter",Heci Regina Candiani,"=""6557171917""","=""9786557171912""",0,4.42,Boitempo Editorial,Kindle Edition,525,2022,1971,,2024/01/08,to-read,to-read (#104),to-read,,,,0,0
52196182,Canção para ninar menino grande,Conceição Evaristo,"Evaristo, Conceição",,"=""9788594417""","=""9788594417039""",0,4.22,Editora UNIPALMARES,Paperback,126,2018,,,2023/12/21,to-read,to-read (#103),to-read,,,,0,0
57238856,Kramp,María José Ferrada,"Ferrada, María José",Silvia Massimini Felix,"=""6556810037""","=""""",0,3.89,Editora Moinhos,Kindle Edition,88,2020,2017,,2023/12/18,to-read,to-read (#102),to-read,,,,0,0
13478177,Frango com Ameixas,Marjane Satrapi,"Satrapi, Marjane",Paulo Werneck,"=""8535912177""","=""9788535912173""",5,3.91,Cia. das Letras,Paperback,88,2008,2004,2023/12/15,2023/12/15,,,read,"Tamanha sensibilidade da Marjane, quero ler tudo que for possível dela <3",,,1,0
2754316,Persépolis,Marjane Satrapi,"Satrapi, Marjane",Paulo Werneck,"=""8535911626""","=""9788535911626""",5,4.40,Companhia das Letras,Paperback,352,2007,2007,2023/12/15,2021/06/02,,,read,,,,1,0
9517,"Persepolis 2: The Story of a Return (Persepolis, #2)",Marjane Satrapi,"Satrapi, Marjane",Anjali Singh,"=""0375714669""","=""9780375714665""",0,4.22,Pantheon,Paperback,187,2005,2001,,2023/11/22,to-read,to-read (#101),to-read,,,,0,0
42396389,Breves respostas para grandes questões,Stephen Hawking,"Hawking, Stephen",Cássio de Arantes Leite,"=""855100431X""","=""9788551004319""",5,4.28,Intrínseca,Hardcover,256,2018,2018,2023/10/14,2023/05/19,,,read,,,,1,0
25458688,Lavagem,Shiko,"Shiko, Shiko",,"=""""","=""""",0,4.23,Editora Mino,Hardcover,,2015,2015,,2023/10/05,to-read,to-read (#100),to-read,,,,0,0
40621488,Flores para Algernon,Daniel Keyes,"Keyes, Daniel",Luisa Geisler,"=""8576573938""","=""9788576573937""",0,4.21,Aleph,Hardcover,288,2018,1966,,2021/03/10,to-read,to-read (#68),to-read,,,,0,0
54278521,O Avesso da Pele,Jeferson Tenório,"Tenório, Jeferson",,"=""8535933395""","=""9788535933390""",0,4.55,Companhia das Letras,Paperback,192,2020,2020,,2023/08/09,to-read,to-read (#99),to-read,,,,0,0
53407528,Coisas de Loucos: O Que Eles Deixaram no Manicómio,Catarina  Gomes,"Gomes, Catarina",,"=""989671553X""","=""9789896715533""",0,4.54,Edições Tinta-da-China,Paperback,327,2020,2020,,2023/08/09,to-read,to-read (#98),to-read,,,,0,0
46046196,"Boa Noite Punpun, Volume 6 (Boa Noite Punpun, #6)",Inio Asano,"Asano, Inio",,"=""8545711190""","=""9788545711193""",5,4.51,JBC,Paperback,392,2019,2017,2023/05/21,2023/05/19,,,read,Tamanha sensibilidade... Pra mim essa história é um retrato perfeito de como é um inferno a vida de um adolescente negligenciado e solitário ,,,1,0
34119228,"Mulheres, Raça e Classe",Angela Y. Davis,"Davis, Angela Y.",,"=""8575595083""","=""""",0,4.58,Boitempo Editorial,Kindle Edition,331,2016,1981,,2020/08/25,"2022, abandonado-temporariamente","2022 (#7), abandonado-temporariamente (#5)",abandonado-temporariamente,,,,0,0
46046192,"Boa Noite Punpun, Volume 5 (Boa Noite Punpun, #5)",Inio Asano,"Asano, Inio",,"=""8545711182""","=""9788545711186""",5,4.40,JBC,Paperback,448,2019,2009,,2023/05/17,,,read,COITADA desta criança,,,1,0
77566,"Hyperion (Hyperion Cantos, #1)",Dan Simmons,"Simmons, Dan",,"=""0553283685""","=""9780553283686""",0,4.27,Bantam Doubleday Dell Publishing Group,Mass Market Paperback,500,1990,1989,,2022/09/10,to-read,to-read (#97),to-read,,,,0,0
45229593,"Boa Noite Punpun, Volume 3 (Boa Noite Punpun, #3)",Inio Asano,"Asano, Inio",,"=""8545710607""","=""9788545710608""",5,4.41,JBC,Paperback,448,2019,2016,,2021/12/22,2021,2021 (#18),read,Tô ficando assustada com esse enredo. E sempre senti que esse tio do Punpun tinha algo sombrio a esconder... ,true,,1,0
32813190,Rita Lee: Uma Autobiografia,Rita Lee,"Lee, Rita",,"=""8525063304""","=""9788525063304""",0,4.51,Globo Livros,Paperback,296,2016,2016,,2022/08/06,to-read,to-read (#96),to-read,,,,0,0
73716,Como agua para chocolate,Laura Esquivel,"Esquivel, Laura",,"=""0385721234""","=""9780385721233""",5,3.95,Vintage Español,Paperback,248,2001,1989,2022/07/28,2022/03/11,2022,2022 (#9),read,"Confesso que meu entusiasmo sobre o romance entre Tita e Pedro já havia esfriado, mas a história me fez tirar os pés do chão e me emocionou diversas vezes. É tudo tão singelo e aconchegante que eu poderia ler muitas histórias nesse mesmo cenário. Por fim: sucumba, Mamãe Elena, sucumba!",true,,1,0
43198929,"Boa Noite Punpun, Volume 1 (Boa Noite Punpun, #1)",Inio Asano,"Asano, Inio",,"=""8545709617""","=""9788545709619""",5,4.27,JBC,Paperback,432,2018,2016,2021/01/01,2021/07/31,hqs-e-afins,hqs-e-afins (#6),read,"Tomou rumos que eu não esperava. 2º mangá que leio, o enredo é muito envolvente. :)",,,1,0
17564499,Garota Exemplar,Gillian Flynn,"Flynn, Gillian",Alexandre Martins,"=""8580572908""","=""9788580572902""",4,4.14,Intrínseca,Paperback,448,2013,2012,2022/06/29,2020/11/30,2022,2022 (#5),read,"meio bizarro esse final, mas depois de tanta atrocidade não poderia esperar menos. 4 ⭐pois me prendeu do início ao fim, gosto de histórias que exploram o que há de mais íntimo nos personagens e esse livro fez isso com maestria. obrigada Lívia pelo empréstimo s2",,,1,0
5137690,Canto dos malditos (Portuguese Edition),Austregesilo Carrano Bueno,"Bueno, Austregesilo Carrano",,"=""8532512755""","=""9788532512758""",0,4.22,Rocco,Paperback,200,2001,1990,,2022/06/08,to-read,to-read (#95),to-read,,,,0,0
44901194,Why Lhasa de Sela Matters (Music Matters),Fred Goodman,"Goodman, Fred",,"=""147731962X""","=""9781477319628""",0,4.56,University of Texas Press,Paperback,200,2019,2019,,2022/04/21,to-read,to-read (#94),to-read,,,,0,0
4579633,"Eu, Robô",Isaac Asimov,"Asimov, Isaac",Luiz Horácio da Matta,"=""8500015292""","=""9788500015298""",5,4.21,Ediouro,Paperback,318,2004,1950,2022/04/20,2022/02/16,,,read,,,,1,0
2644418,Tenda Dos Milagres,Jorge Amado,"Amado, Jorge",,"=""""","=""9789896097776""",0,3.91,Planeta DeAgostini,,330,,1969,,2022/03/11,to-read,to-read (#93),to-read,,,,0,0
32620670,Deus é matemático?,Mario Livio,"Livio, Mario",,"=""8501087750""","=""9788501087751""",0,3.85,Record,Paperback,352,2010,2009,,2022/03/02,to-read,to-read (#92),to-read,,,,0,0
24207011,Objetos Cortantes,Gillian Flynn,"Flynn, Gillian",Alexandre Martins,"=""858057658X""","=""9788580576580""",4,4.02,Intrínseca,Paperback,256,2015,2006,2022/01/31,2020/11/30,2022,2022 (#6),read,,,,1,0
49398065,Gente ansiosa,Fredrik Backman,"Backman, Fredrik",Carmen Montes Cano,"=""""","=""""",0,4.18,HarperCollins Espanol,Paperback,400,2021,2019,,2022/01/03,"2022, abandonado-temporariamente","2022 (#3), abandonado-temporariamente (#4)",abandonado-temporariamente,,,,0,0
12409576,Fogo Pálido,Vladimir Nabokov,"Nabokov, Vladimir",,"=""9727474772""","=""""",0,4.17,Planeta DeAgostini,Hardcover,270,2001,1962,,2022/01/22,to-read,to-read (#91),to-read,,,,0,0
51192765,O Labirinto Do Fauno,Guillermo del Toro,"Toro, Guillermo del",Cornelia Funke,"=""8551005200""","=""9788551005200""",5,4.26,Intrínseca,Kindle Edition,259,2019,2019,2022/01/21,2021/12/29,2022,2022 (#2),read,Igualmente belo e sombrio. ,,,1,0
6332548,A Descoberta do Mundo,Clarice Lispector,"Lispector, Clarice",,"=""8532509517""","=""9788532509512""",0,4.37,Editora Rocco,Paperback,478,199,1984,,2022/01/07,"2022, to-read","2022 (#8), to-read (#90)",to-read,,,,0,0
2344328,Mulheres que Correm com os Lobos,Clarissa Pinkola Estés,"Estés, Clarissa Pinkola",,"=""8532504442""","=""9788532504449""",0,4.13,Rocco,Paperback,628,1994,1992,,2022/01/06,"2022, abandonado-temporariamente","2022 (#4), abandonado-temporariamente (#3)",abandonado-temporariamente,,,,0,0
45229816,"Boa Noite Punpun, Volume 4 (Boa Noite Punpun, #4)",Inio Asano,"Asano, Inio",,"=""8545710615""","=""9788545710615""",5,4.38,JBC,Paperback,456,2019,2017,2022/01/05,2021/12/23,2022,2022 (#1),read,,,,1,0
32414622,¡Digo! Ni puta ni santa. Las memorias de La Veneno,Valeria Vegas,"Vegas, Valeria",Cristina Ortiz,"=""""","=""9788460883562""",0,4.00,Autoeditado,Hardcover,160,2016,2016,,2022/01/03,to-read,to-read (#89),to-read,,,,0,0
6013876,"Anjos e Demónios (Robert Langdon, #1)",Dan       Brown,"Brown, Dan",Mário Dias Correia,"=""9722514091""","=""9789722514095""",3,3.94,Bertrand Editora,Paperback,588,2005,2000,2021/07/31,2021/05/26,2021,2021 (#17),read,já não tenho mais paciência pra esses finais,,,1,0
26026378,Olhos d'Água,Conceição Evaristo,"Evaristo, Conceição",,"=""8534705259""","=""9788534705257""",5,4.44,Pallas ,Paperback,116,2014,2014,2021/08/05,2021/03/22,2021,2021 (#16),read,"""O que temos em comum é pó do qual somos feitos. É o pó que nos faz, mais nada. Mas o meu pó corre mais perigo. Meu pó vira cinza mais rápido"". Foram tantas notas que quase não pude escolher uma.",,,1,0
38898355,O Peso do Pássaro Morto,Aline Bei,"Bei, Aline",,"=""8569020236""","=""9788569020233""",5,4.48,Editora Nós,Paperback,168,2017,2017,2021/08/05,2021/04/09,2021,2021 (#15),read,Incontáveis nós na minha garganta.,,,1,0
12015154,A Sombra do Vento,Carlos Ruiz Zafón,"Zafón, Carlos Ruiz",J. Teixeira de Aguilar,"=""9896600813""","=""9789896600815""",5,4.30,Leya,Paperback,521,2011,2001,2021/10/01,2021/08/28,2021,2021 (#14),read,Perfeição,,,1,0
53100986,"Vermelho, Branco e Sangue Azul",Casey McQuiston,"McQuiston, Casey",Guilherme  Miranda,"=""8555340942""","=""9788555340949""",4,4.08,Seguinte,Paperback,392,2019,2019,2021/10/31,2021/05/20,2021,2021 (#13),read,Finais felizesssss!!! ,true,,1,0
53028909,Boa Noite Punpun vol. 2,Inio Asano,"Asano, Inio",,"=""8545712499""","=""9788545712497""",5,4.21,Editora JBC,Kindle Edition,432,,2007,2021/12/16,2021/12/05,"hqs-e-afins, 2021","hqs-e-afins (#7), 2021 (#12)",read,,,,1,0
30215344,A Mão Esquerda da Escuridão,Ursula K. Le Guin,"Guin, Ursula K. Le",,"=""""","=""9788576572442""",4,4.10,Editora Aleph,ebook,330,2015,1969,2021/12/29,2021/09/12,2021,2021 (#11),read,"Gostei muito, porém reconheço que foi um livro com ritmo de leitura lentíssimo. Meu interesse pela história oscilou bastante, pois os trechos de descrição dos ambientes e clima são repetitivos e maçantes e é só por isso que estou dando 4⭐. O que mais gostei além das questões de diplomacia foram as questões de gênero, as quais também interferem significativamente nas estruturas sociais do planeta Gethen, assim como ocorre na Terra ><. Excelente livro, quero ler mais autorAs de ficção científica!",,,1,0
29773435,Vozes de Tchernóbil: A História Oral do Desastre Nuclear,Svetlana Alexievich,"Alexievich, Svetlana",Sonia Branco,"=""8535927085""","=""9788535927085""",0,4.40,Companhia das Letras,Paperback,384,2016,1997,,2022/01/03,to-read,to-read (#88),to-read,,,,0,0
23276483,Sejamos todos feministas,Chimamanda Ngozi Adichie,"Adichie, Chimamanda Ngozi",Christina Baum,"=""""","=""""",5,4.40,Companhia das Letras,Kindle Edition,38,2014,2012,,2021/12/20,,,read,Ainda quero ler muito mais desta autora! ♥️,,,1,0
55709278,Três Roteiros,Kleber Mendonça Filho,"Filho, Kleber Mendonça",Alceu Chiesorin Nunes,"=""8535933271""","=""9788535933277""",0,4.60,Companhia das Letras,Paperback,320,2020,2020,,2021/12/06,to-read,to-read (#87),to-read,,,,0,0
36634950,O diário de Anne Frank,Anne Frank,"Frank, Anne","Otto H. Frank, Mirjam Pressler, Alves Calado","=""9788501044""","=""""",0,4.19,Editora Record,Paperback,351,2017,1947,2021/11/29,2021/10/01,2021,2021 (#10),read,"Não existe classificação, nota, maneira qualquer de mensurar a importância e profundidade desse livro.",,,1,0
28804192,Pílulas Azuis,Frederik Peeters,"Peeters, Frederik",,"=""8582862121""","=""""",0,4.02,Nemo,Kindle Edition,212,2015,2001,,2021/10/10,to-read,to-read (#86),to-read,,,,0,0
41958014,Mulheres que correm com os lobos: Mitos e histórias do arquétipo da mulher selvagem,Clarissa Pinkola Estés,"Estés, Clarissa Pinkola",,"=""853252978X""","=""9788532529787""",0,4.13,Rocco,Hardcover,576,2018,1992,,2020/06/23,abandonado-temporariamente,abandonado-temporariamente (#2),abandonado-temporariamente,,,,0,0
50370906,Miss Davis (La vie et les combats d'Angela Davis),Sybille Titeux de la Croix,"Croix, Sybille Titeux de la",Amazing Améziane,"=""""","=""9782268102658""",0,4.08,Editions du Rocher,Hardcover,192,2020,2020,,2021/09/18,to-read,to-read (#85),to-read,,,,0,0
43700310,As alegrias da maternidade,Buchi Emecheta,"Emecheta, Buchi",Heloísa Jahn,"=""8583181128""","=""9788583181125""",0,4.20,Dublinense,Kindle Edition,320,2019,1979,,2021/09/15,to-read,to-read (#84),to-read,,,,0,0
34503807,Para Educar Crianças Feministas: Um manifesto,Chimamanda Ngozi Adichie,"Adichie, Chimamanda Ngozi",,"=""8535928510""","=""9788535928518""",0,4.51,Companhia das Letras ,Paperback,96,2017,2017,,2021/08/19,to-read,to-read (#83),to-read,,,,0,0
58737716,Feminismo Branco: das sufragistas às influenciadoras e quem elas deixam para trás,Koa Beck,"Beck, Koa",Bruna Barros,"=""6555111658""","=""9786555111651""",0,4.25,Harper Collins ,Paperback,384,2021,2021,,2021/08/17,to-read,to-read (#82),to-read,,,,0,0
57209409,"Tudo o que já nadei: Ressaca, quebra-mar e marolinhas",Letrux,"Letrux, Letrux",,"=""""","=""9786555352801""",0,3.78,Planeta,Paperback,160,2021,,,2021/08/11,to-read,to-read (#81),to-read,,,,0,0
55922484,Once Upon a Time in Hollywood,Quentin Tarantino,"Tarantino, Quentin",,"=""0063112523""","=""9780063112520""",0,3.88,Harper Perennial ,Paperback,400,2021,2021,,2021/08/10,to-read,to-read (#80),to-read,,,,0,0
32620332,The Seven Husbands of Evelyn Hugo,Taylor Jenkins Reid,"Reid, Taylor Jenkins",,"=""1501139231""","=""9781501139239""",0,4.41,Atria Books,Hardcover,389,2017,2017,,2021/08/10,to-read,to-read (#79),to-read,,,,0,0
341879,Just Kids,Patti Smith,"Smith, Patti",,"=""""","=""""",0,4.21,Ecco,Hardcover,304,2010,2010,,2021/05/28,to-read,to-read (#78),to-read,,,,0,0
36118422,As garotas,Emma Cline,"Cline, Emma",Sergio Flaksman,"=""8551001361""","=""9788551001363""",5,3.50,Intrínseca,Kindle Edition,333,2017,2016,2021/05/26,2021/05/19,2021,2021 (#8),read,,,,1,0
57406291,Interseccionalidade (Portuguese Edition),Patricia Hill Collins,"Collins, Patricia Hill","Sirma Bilge, Rane Souza, Winnie Bueno","=""6557170228""","=""9786557170229""",0,4.06,Boitempo,Kindle Edition,434,2021,2016,,2021/05/26,to-read,to-read (#77),to-read,,,,0,0
13414369,A Invenção de Hugo Cabret,Brian Selznick,"Selznick, Brian",Pedro M. Ferreira,"=""9895575629""","=""9789895575626""",0,4.22,Edições Gailivro,Hardcover,544,2008,2007,,2021/05/26,to-read,to-read (#76),to-read,,,,0,0
25504618,"A Rainha Vermelha (A Rainha Vermelha, #1)",Victoria Aveyard,"Aveyard, Victoria",Cristian Clemente,"=""8565765695""","=""9788565765695""",0,4.00,Seguinte,Paperback,424,2015,2015,,2021/05/20,to-read,to-read (#75),to-read,,,,0,0
23396345,A Ilha,Aldous Huxley,"Huxley, Aldous",Virgínia Motta,"=""972608251X""","=""9789726082514""",3,3.85,Antígona,Paperback,458,2014,1962,2021/05/19,2020/05/25,2021,2021 (#9),read,"Cumpre bem a proposta de ser um ponto de vista estritamente do autor, mas a forma como a narrativa é construída é cansativa por vezes. Ideologias marcantes e repleto de simbolismos, cai bem como uma crítica social atemporal do Ocidente. 3 ⭐ pois não me cativou tanto, por pouco não desisti.",,,1,0
1238901,O Alquimista,Paulo Coelho,"Coelho, Paulo",,"=""9727110797""","=""9789727110797""",2,3.91,Pergaminho,Paperback,240,1990,1988,2021/04/06,2021/04/06,2021,2021 (#7),read,,,,1,0
17245,Dracula,Bram Stoker,"Stoker, Bram","Rubén Toledo, Nina Auerbach, David J. Skal","=""0393970124""","=""9780393970128""",0,4.02,Norton,Paperback,488,1986,1897,,2021/04/02,to-read,to-read (#74),to-read,,,,0,0
7604,Lolita,Vladimir Nabokov,"Nabokov, Vladimir",Craig Raine,"=""""","=""""",5,3.88,Penguin,Paperback,368,1995,1955,2021/03/27,2021/03/02,2021,2021 (#6),read,,,,1,0
24997929,Mulheres que não sabem chorar (Portuguese Edition),Lilian Farias,"Farias, Lilian",,"=""""","=""""",0,3.37,Giz Editorial,Kindle Edition,200,2014,2014,,2021/03/22,to-read,to-read (#73),to-read,,,,0,0
3291459,O Caderno Rosa de Lori Lamby,Hilda Hilst,"Hilst, Hilda","Millôr Fernandes, Alcir Pécora","=""8525039519""","=""9788525039514""",0,3.96,Editora Globo,Paperback,132,2005,1990,,2021/03/22,to-read,to-read (#72),to-read,,,,0,0
22023062,E o Vento Levou,Margaret Mitchell,"Mitchell, Margaret",Marilene Tombini,"=""8501087300""","=""9788501087300""",0,4.31,Editora Record,Paperback,952,2012,1936,,2021/03/16,to-read,to-read (#71),to-read,,,,0,0
25650037,Criatividade S.A,Ed Catmull,"Catmull, Ed",Amy    Wallace,"=""8532529569""","=""9788532529565""",0,4.22,Rocco,Paperback,320,2014,2014,,2021/03/11,to-read,to-read (#70),to-read,,,,0,0
11705132,Contato,Carl Sagan,"Sagan, Carl",Donaldson M. Garschagen,"=""8535913513""","=""9788535913514""",0,4.15,Companhia de Bolso,Paperback,440,2008,1985,,2021/03/10,to-read,to-read (#69),to-read,,,,0,0
36655084,My Solo Exchange Diary Vol. 1,Kabi Nagata,"Nagata, Kabi",Jocelyne Allen,"=""1626928894""","=""9781626928893""",0,4.18,Seven Seas,Paperback,168,2018,2016,,2021/03/09,to-read,to-read (#67),to-read,,,,0,0
33113683,My Lesbian Experience with Loneliness,Kabi Nagata,"Nagata, Kabi",Jocelyne Allen,"=""1626926034""","=""9781626926035""",5,4.11,Seven Seas Entertainment,Paperback,144,2017,2016,2021/03/09,2020/07/17,2021,2021 (#4),read,,,,1,0
35231592,O Conto da Aia,Margaret Atwood,"Atwood, Margaret",Ana Deiró,"=""8532520669""","=""9788532520661""",5,4.14,Rocco,Paperback,368,2017,1985,2021/03/02,2021/02/28,2021,2021 (#5),read,,,,1,0
42975172,"The Testaments (The Handmaid's Tale, #2)",Margaret Atwood,"Atwood, Margaret",,"=""""","=""""",0,4.19,Nan A. Talese,Hardcover,422,2019,2019,,2021/03/02,to-read,to-read (#66),to-read,,,,0,0
17707709,At Night We Walk in Circles,Daniel Alarcón,"Alarcón, Daniel",,"=""1594631719""","=""9781594631719""",4,3.62,Riverhead Books,Hardcover,384,2013,2013,2021/02/24,2020/05/25,2021,2021 (#3),read,,,,1,0
36557952,Os quatro amores (Clássicos C. S. Lewis),C.S. Lewis,"Lewis, C.S.",Estevan Kirschner,"=""8578601602""","=""""",0,4.17,Thomas Nelson Brasil,Kindle Edition,161,2017,1960,,2021/02/01,to-read,to-read (#65),to-read,,,,0,0
34928122,Artemis,Andy Weir,"Weir, Andy",,"=""0553448129""","=""9780553448122""",4,3.69,Crown,Hardcover,305,2017,2017,2021/01/18,2020/05/13,2021,2021 (#2),read,"Meu primeiro Sci-Fi. Fiz muitas notas devido às curiosidades sobre Mecânica e Física no geral e isso foi o que mais gostei. O ritmo nesse livro é muito rápido e o círculo de personagens é bem conectado. 4 ⭐ porque há muitas piadas desnecessárias (e machistas), principalmente no final, que ultrapassa os limites do ridículo num momento super inapropriado. Personagens até então sérios agindo como adolescentes achei meio tosco e improvável. Além disso, algumas perguntas ficam em aberto no final. Fiquei triste com o cenário futurista do Brasil hahah, fazer o que! Por fim, a sagacidade da Jasmine e a imponência da Ngugi me ganharam. Próximo do autor: Perdido em Marte ",,,1,0
6219656,The Lottery,Shirley Jackson,"Jackson, Shirley",,"=""1563127873""","=""9781563127878""",0,4.05,Perfection Learning,Paperback,30,1990,1948,,2021/01/19,to-read,to-read (#64),to-read,,,,0,0
21939710,O Mundo Assombrado Pelos Demônios,Carl Sagan,"Sagan, Carl",,"=""""","=""""",0,4.29,Companhia de Bolso,,512,1995,1995,,2020/11/29,abandonado-temporariamente,abandonado-temporariamente (#1),abandonado-temporariamente,,,,0,0
34969739,Modern Chess Openings...,Richard Clewin Griffith,"Griffith, Richard Clewin",J. H. White,"=""1298036984""","=""9781298036988""",0,3.67,Scholar's Choice,Paperback,218,2015,,,2021/01/10,to-read,to-read (#63),to-read,,,,0,0
23845119,Por Lugares Incríveis,Jennifer Niven,"Niven, Jennifer",Alexandra Esteche,"=""8565765571""","=""9788565765572""",4,4.12,Seguinte,Paperback,336,2015,2015,2021/01/09,2020/12/11,2021,2021 (#1),read,Nunca foi tão difícil acabar um livro.,,,1,0
25663920,Loving Amy: A Mother's Story,Janis Winehouse,"Winehouse, Janis",,"=""1250078490""","=""9781250078490""",0,4.16,Thomas Dunne Books,Hardcover,304,2016,2014,,2020/12/16,to-read,to-read (#62),to-read,,,,0,0
18482874,Passarinha,Kathryn Erskine,"Erskine, Kathryn",Heloísa Leal,"=""8565859134""","=""9788565859134""",0,4.20,Valentina,Paperback,224,2013,2010,,2020/12/15,to-read,to-read (#61),to-read,,,,0,0
472331,Watchmen,Alan             Moore,"Moore, Alan","Dave Gibbons, John    Higgins","=""0930289234""","=""9780930289232""",0,4.38,DC Comics,Paperback,416,2005,1987,,2020/12/10,"to-read, hqs-e-afins","to-read (#60), hqs-e-afins (#5)",to-read,,,,0,0
12622,Language and Mind,Noam Chomsky,"Chomsky, Noam",,"=""052167493X""","=""9780521674935""",0,3.84,Cambridge University Press,Paperback,206,2006,1968,,2020/12/10,to-read,to-read (#59),to-read,,,,0,0
36213427,A diferença invisível,Julie Dachez,"Dachez, Julie",,"=""8582864094""","=""""",0,4.30,Nemo Editora,Kindle Edition,195,2017,2016,,2020/12/09,to-read,to-read (#58),to-read,,,,0,0
37416796,O Homem de Giz,C.J. Tudor,"Tudor, C.J.",Victor Antunes,"=""9896579938""","=""9789896579937""",4,3.71,Planeta ,Paperback,320,2018,2018,2020/12/06,2020/11/29,,,read,,,,1,0
17349,The Demon-Haunted World: Science as a Candle in the Dark,Carl Sagan,"Sagan, Carl",Ann Druyan,"=""0345409469""","=""9780345409461""",0,4.29,Ballantine Books,Paperback,459,1997,1995,,2020/12/06,to-read,to-read (#57),to-read,,,,0,0
17061,Coraline,Neil Gaiman,"Gaiman, Neil",Dave McKean,"=""0061139378""","=""9780061139376""",0,4.12,William Morrow Paperbacks,Paperback,176,2006,2002,,2020/12/05,to-read,to-read (#56),to-read,,,,0,0
26329,Emotional Intelligence: Why It Can Matter More Than IQ,Daniel Goleman,"Goleman, Daniel",,"=""055380491X""","=""9780553804911""",0,4.05,Bantam,Hardcover,352,2006,1995,,2020/12/04,to-read,to-read (#55),to-read,,,,0,0
33285935,Não há tempo a perder,Amyr Klink,"Klink, Amyr",,"=""8584190465""","=""9788584190461""",0,4.06,Tordesilhas,Paperback,216,2016,2016,,2020/12/03,to-read,to-read (#54),to-read,,,,0,0
23514087,O Paraíso são os Outros,Valter Hugo Mãe,"Mãe, Valter Hugo",Nino Cais,"=""8540507854""","=""9788540507852""",0,4.32,Cosac Naify,Paperback,32,2014,2014,,2020/12/03,to-read,to-read (#53),to-read,,,,0,0
15195,The Complete Maus,Art Spiegelman,"Spiegelman, Art",,"=""0141014083""","=""9780141014081""",5,4.58,Penguin Books,Paperback,296,2003,1980,2018/01/01,2020/12/02,hqs-e-afins,hqs-e-afins (#4),read,,,,1,0
10420795,"MetaMaus: A Look Inside a Modern Classic, Maus",Art Spiegelman,"Spiegelman, Art",,"=""037542394X""","=""9780375423949""",0,4.30,Pantheon,Hardcover,300,2011,2011,,2020/12/02,"to-read, hqs-e-afins","to-read (#52), hqs-e-afins (#3)",to-read,,,,0,0
15719,Marvel 1602,Neil Gaiman,"Gaiman, Neil","Andy Kubert, Richard Isanove, Peter Sanderson, Todd Klein","=""0785123113""","=""9780785123118""",0,3.95,Marvel Enterprises,Paperback,248,2006,2003,,2020/06/23,"to-read, hqs-e-afins","to-read (#4), hqs-e-afins (#2)",to-read,,,,0,0
18310944,The Sandman: Overture,Neil Gaiman,"Gaiman, Neil","J.H. Williams III, Todd Klein, Dave Stewart","=""1401248969""","=""9781401248963""",0,4.04,DC Vertigo,Hardcover,224,2015,2015,,2020/12/02,"to-read, hqs-e-afins","to-read (#51), hqs-e-afins (#1)",to-read,,,,0,0
22098550,Pax (Pax #1),Sara Pennypacker,"Pennypacker, Sara",Jon Klassen,"=""0062377019""","=""9780062377012""",5,3.98,Balzer + Bray,Hardcover,278,2016,2016,2020/11/27,2020/11/09,,,read,"""Dois, mas não dois."" Que história linda. Todos os aspectos foram satisfatórios: escrita concisa e bem estruturada, capítulos curtos, poucos personagens e todos bem desenvolvidos. Um fato que me chamou atenção foi a não humanização dos animais, animais são animais, e a construção deles é diferente do que já vi em qualquer história que os envolve. Final emocionante e aprendizados sobre lealdade, amizade, autoconhecimento e jornadas passados de forma muito sutil. Enfim, 5 ⭐ merecidíssimas.",,,1,0
18624774,De Gados e Homens,Ana Paula Maia,"Maia, Ana Paula",,"=""8501404128""","=""9788501404121""",0,3.97,Record,Paperback,128,2013,2013,,2020/11/22,to-read,to-read (#50),to-read,,,,0,0
10052680,"O Guia do Mochileiro das Galáxias (O Mochileiro das Galáxias, #1)",Douglas Adams,"Adams, Douglas","Paulo Henriques Britto, Carlos Irineu da Costa","=""8599296949""","=""9788599296943""",0,4.23,Sextante,Paperback,160,2010,1979,,2020/11/13,to-read,to-read (#49),to-read,,,,0,0
8691741,O Mandarim,Eça de Queirós,"Queirós, Eça de",,"=""9895547498""","=""9789895547494""",0,3.67,QuidNovi,Paperback,96,2010,1880,,2020/11/08,to-read,to-read (#48),to-read,,,,0,0
18165536,Psicose,Robert Bloch,"Bloch, Robert",Anabela Paiva,"=""8566636155""","=""9788566636154""",2,4.12,DarkSide Books,Paperback,240,2013,1959,2020/11/08,2020/10/27,,,read,,,,1,0
70535,"2001: A Space Odyssey (Space Odyssey, #1)",Arthur C. Clarke,"Clarke, Arthur C.",,"=""""","=""""",0,4.17,Roc,Paperback,297,2000,1968,,2020/11/01,to-read,to-read (#47),to-read,,,,0,0
8855321,Leviathan Wakes,James S.A. Corey,"Corey, James S.A.",,"=""1841499889""","=""9781841499888""",0,4.31,Orbit,Paperback,592,2011,2011,,2020/11/01,to-read,to-read (#46),to-read,,,,0,0
42730613,Brida (Em Portugues do Brasil),Paulo Coelho,"Coelho, Paulo",,"=""8584390693""","=""9788584390694""",0,3.50,Paralela,Paperback,0,2017,1990,,2020/10/31,to-read,to-read (#45),to-read,,,,0,0
23006548,"Assassinato no Expresso do Oriente (Hercule Poirot, #10)",Agatha Christie,"Christie, Agatha",,"=""8520934781""","=""9788520934784""",4,4.20,Nova Fronteira,Hardcover,200,2014,1934,2020/10/27,2020/10/22,,,read,"Narrativa intrigante, só fui ter algum palpite bem pro final. Achei o desenvolvimento dos personagens bem conciso e gostei de alguns elementos como listas de descrição e plantas dos ambientes terem sido incluídos no livro, parece que estou tendo acesso à um arquivo policial ><. Como crítica pontuo alguns esteriótipos e argumentos infudados. No geral, uma leitura interessante, espero ler outros clássicos da rainha.",,,1,0
18254,Oliver Twist,Charles Dickens,"Dickens, Charles",Philip Horne,"=""""","=""""",0,3.88,Penguin Books,Paperback,608,2003,1838,,2020/10/24,to-read,to-read (#44),to-read,,,,0,0
4637750,Ensaio sobre a Lucidez,José Saramago,"Saramago, José",,"=""9722116088""","=""9789722116084""",0,3.85,Editorial Caminho,Paperback,329,2004,2004,,2020/10/21,to-read,to-read (#43),to-read,,,,0,0
54121,Ensaio Sobre a Cegueira,José Saramago,"Saramago, José",,"=""9722110217""","=""9789722110211""",4,4.17,Editorial Caminho,Paperback,310,1998,1995,2020/10/21,2020/09/27,,,read,,,,1,0
6876642,A Morte de Ivan Ilitch,Leo Tolstoy,"Tolstoy, Leo",Adolfo Casais Monteiro,"=""""","=""9789895523665""",0,4.13,Quasi Edições,Mass Market Paperback,92,2008,1886,,2020/10/16,to-read,to-read (#42),to-read,,,,0,0
25758236,A garota no trem,Paula Hawkins,"Hawkins, Paula",Simone Campos,"=""8501104655""","=""9788501104656""",0,3.96,Record,Paperback,378,2015,2015,2016/01/01,2020/10/13,,,read,,,,1,0
50176500,Vozes Negras,Amanda Condasi,"Condasi, Amanda","Flor, Priscila, Isa Souza, María Ferreira, Pétala Souza","=""6580777044""","=""9786580777044""",0,3.82,Se Liga Editorial,Paperback,161,2019,,,2020/10/13,to-read,to-read (#41),to-read,,,,0,0
413177,Beasts of No Nation,Uzodinma Iweala,"Iweala, Uzodinma",,"=""0060798688""","=""9780060798680""",0,3.79,Harper Perennial,Paperback,142,2006,2005,,2020/10/12,to-read,to-read (#40),to-read,,,,0,0
31692720,O cemitério,Stephen         King,"King, Stephen",,"=""""","=""9788581051574""",5,4.07,Suma,eBook Kindle,480,2006,1983,2020/10/09,2020/09/21,,,read,"""— Querido"". Minha nossa!!! Esse foi meu primeiro livro do gênero e minha impressão foi muito boa. Achei a história bastante profunda mesmo nos aspectos que não envolviam o terror/horror, acredito que o que a deixa mais sensível e sombria é o fato de haver crianças envolvidas na trama. 5 ⭐ pela escrita que apesar de muito detalhada não me deixou cansada em nenhum momento e pelo excelente desenvolvimento do enredo. Sobre o final: gostaria que algumas perguntas fossem respondidas, mas deixar em aberto também é interessante, pois é possível divagar sobre as possibilidades.",,,1,0
34090288,Eu Estou Pensando Em Acabar Com Tudo,Iain Reid,"Reid, Iain",,"=""8568432964""","=""9788568432969""",0,3.55,Fabrica 231,Paperback,224,2017,2016,,2020/10/07,to-read,to-read (#39),to-read,,,,0,0
8287644,O Idiota,Fyodor Dostoevsky,"Dostoevsky, Fyodor","Nina Guerra, Filipe Guerra","=""9722327666""","=""9789722327664""",0,4.21,Editorial Presença,Paperback,636,2001,1869,,2020/10/06,to-read,to-read (#38),to-read,,,,0,0
31922986,A Morte É Um Dia Que Vale a Pena Viver,Ana Cláudia Quintana Arantes,"Arantes, Ana Cláudia Quintana",,"=""8544104401""","=""9788544104408""",0,4.22,LeYa,Paperback,192,2016,,,2020/10/03,to-read,to-read (#37),to-read,,,,0,0
224387,A Vindication of the Rights of Woman,Mary Wollstonecraft,"Wollstonecraft, Mary","Miriam Brody, Bebi Fernández","=""0141441259""","=""9780141441252""",0,3.91,Penguin Classics,Paperback,269,2004,1792,,2020/09/27,to-read,to-read (#36),to-read,,,,0,0
35613436,Ecos,Pam Muñoz Ryan,"Ryan, Pam Muñoz",Dalton Caldas,"=""859454040X""","=""9788594540409""",5,4.36,DarkSide Books,Hardcover,368,2017,2015,2020/09/27,2020/09/12,,,read,"""Seu destino ainda não está selado. Até na mais sombria noite uma estrela brilhará, um sino soará, um caminho será revelado."" Com certeza está no top 3 das leituras de 2020.",,,1,0
11192675,O Sol é para todos,Harper Lee,"Lee, Harper",,"=""""","=""""",0,4.26,José Olympio,Paperback,364,2011,1960,,2020/09/26,to-read,to-read (#35),to-read,,,,0,0
26077590,Vigiar e Punir: Nascimento da Prisão,Michel Foucault,"Foucault, Michel",,"=""972441809X""","=""9789724418094""",0,4.23,Edições 70,Kindle Edition,429,2013,1975,,2020/09/26,to-read,to-read (#34),to-read,,,,0,0
26541659,Poliana,Eleanor H. Porter,"Porter, Eleanor H.",Viltaras Alksnėnas,"=""9986024722""","=""9789986024729""",0,4.01,Alma littera,Hardcover,256,2006,1913,,2020/09/21,,,read,,,,1,0
28634,Immortality,Milan Kundera,"Kundera, Milan",Peter Kussi,"=""057114456X""","=""9780571144563""",0,4.14,Faber and Faber,Paperback,400,1998,1990,,2020/09/21,to-read,to-read (#33),to-read,,,,0,0
577515,La Société du Spectacle,Guy Debord,"Debord, Guy",,"=""2070394433""","=""9782070394432""",0,4.02,Folio,Mass Market Paperback,209,1996,1967,,2020/09/20,to-read,to-read (#32),to-read,,,,0,0
6748,A Supposedly Fun Thing I'll Never Do Again:  Essays and Arguments,David Foster Wallace,"Wallace, David Foster",,"=""0316925284""","=""9780316925280""",0,4.15,Back Bay Books,Paperback,353,1998,1996,,2020/09/20,to-read,to-read (#31),to-read,,,,0,0
636223,Ice,Anna Kavan,"Kavan, Anna",,"=""0720612683""","=""9780720612684""",0,3.67,Peter Owen Publishers,Paperback,158,2016,1967,,2020/09/20,to-read,to-read (#30),to-read,,,,0,0
3639113,A Metamorfose,Franz Kafka,"Kafka, Franz",Modesto Carone,"=""""","=""""",4,3.88,Companhia das Letras,Paperback,96,2006,1915,,2020/06/23,,,read,"Um clássico antigo europeu com defeitos típicos. No geral, o melhor é o desenvolvimento dos personagens já que o ambiente permanece o mesmo.",,,1,0
32075671,"The Hate U Give (The Hate U Give, #1)",Angie Thomas,"Thomas, Angie",,"=""""","=""""",5,4.47,Balzer + Bray,Hardcover,454,2017,2017,2020/09/18,2020/08/18,,,read,Sem dúvida uma das leituras mais importantes e necessárias da minha vida.,,,1,0
827,"The Diamond Age: Or, a Young Lady's Illustrated Primer",Neal Stephenson,"Stephenson, Neal",,"=""0553380966""","=""9780553380965""",0,4.16,Spectra,Paperback,499,2000,1995,,2020/09/17,to-read,to-read (#29),to-read,,,,0,0
10281090,As Veias Abertas da América Latina,Eduardo Galeano,"Galeano, Eduardo",,"=""8525420816""","=""9788525420817""",0,4.31,L&PM,Paperback,400,2010,1971,,2020/09/15,to-read,to-read (#28),to-read,,,,0,0
7419732,"Duna (Duna, #1)",Frank Herbert,"Herbert, Frank","Jindřich Smékal, Karel Blažek","=""807214183X""","=""9788072141838""",0,4.28,Baronet,Hardcover,638,1999,1965,,2020/09/15,to-read,to-read (#27),to-read,,,,0,0
39670206,Quem Tem Medo do Feminismo Negro?,Djamila Ribeiro,"Ribeiro, Djamila",,"=""8554511379""","=""""",5,4.42,Companhia das Letras,Kindle Edition,165,2018,2018,2020/09/12,2020/08/26,,,read,"Denuncia o racismo sob diversas perspectivas e espaços. Didático, argumentação infalível, além de destacar a referência a outras autoras. Toda a branquitude (especialmente brasileira) deveria ler.",,,1,0
51049326,Três Mulheres,Lisa Taddeo,"Taddeo, Lisa","Isabel Nunes, Helena Sobral","=""9722364413""","=""9789722364416""",0,3.72,Editorial Presença,Paperback,312,2019,2019,,2020/09/11,to-read,to-read (#26),to-read,,,,0,0
222174,Através do espelho,Jostein Gaarder,"Gaarder, Jostein",Isa Mara Lando,"=""8571647631""","=""9788571647633""",0,3.81,Companhia das Letras,Paperback,144,1998,1993,,2020/09/07,to-read,to-read (#25),to-read,,,,0,0
11337,The Bluest Eye,Toni Morrison,"Morrison, Toni",,"=""""","=""""",0,4.12,Plume,Paperback,216,2005,1970,,2020/09/05,to-read,to-read (#24),to-read,,,,0,0
13079982,Fahrenheit 451,Ray Bradbury,"Bradbury, Ray",,"=""""","=""""",0,3.96,Simon & Schuster,Kindle Edition,194,2011,1953,,2020/09/05,to-read,to-read (#23),to-read,,,,0,0
32156315,Homo Deus: Uma Breve História do Amanhã,Yuval Noah Harari,"Harari, Yuval Noah",Paulo Geiger,"=""8535928197""","=""9788535928198""",5,4.20,Companhia das Letras,Paperback,448,2016,2015,2020/09/02,2020/05/18,,,read,,,,1,0
36546651,"Codename Villanelle (Killing Eve, #1)",Luke Jennings,"Jennings, Luke",,"=""0316512524""","=""9780316512527""",0,3.55,Mulholland Books,Hardcover,220,2018,2017,,2020/08/29,to-read,to-read (#22),to-read,,,,0,0
2658952,Eu Receberia as Piores Notícias dos Seus Lindos Lábios,Marçal Aquino,"Aquino, Marçal",,"=""853590736X""","=""9788535907360""",0,4.24,Companhia das Letras,Paperback,232,2005,2005,,2020/08/29,to-read,to-read (#21),to-read,,,,0,0
13499010,Elogio da Loucura,Erasmus,"Erasmus, Erasmus",Álvaro Ribeiro,"=""""","=""9789896820145""",0,3.84,Público,Paperback,125,2010,1508,,2020/08/28,to-read,to-read (#20),to-read,,,,0,0
15803971,O Livre Arbítrio,Arthur Schopenhauer,"Schopenhauer, Arthur",Lohengrin de Oliveira,"=""850061935X""","=""9788500619359""",0,4.16,Ediouro,Paperback,123,,1839,,2020/08/28,to-read,to-read (#19),to-read,,,,0,0
48560168,Pequeno Manual Antirracista,Djamila Ribeiro,"Ribeiro, Djamila",,"=""8535932879""","=""9788535932874""",5,4.55,Companhia das Letras,Paperback,136,2019,2019,,2020/08/24,,,read,"Djamila extremamente perspicaz, linguagem acessível e o interessante é que as notas e referências são muito relevantes. Uma verdadeira aula! Conclusão: tenho muito o que aprender ainda. ",,,2,0
15796700,Americanah,Chimamanda Ngozi Adichie,"Adichie, Chimamanda Ngozi",Jashar Awan,"=""""","=""""",0,4.32,Alfred A. Knopf,Hardcover,477,2013,2013,,2020/08/26,to-read,to-read (#18),to-read,,,,0,0
179133,Domain-Driven Design: Tackling Complexity in the Heart of Software,Eric Evans,"Evans, Eric",,"=""0321125215""","=""9780321125217""",0,4.15,Addison-Wesley Professional,Hardcover,560,2003,2003,,2020/08/18,to-read,to-read (#17),to-read,,,,0,0
35135772,Refactoring: Improving the Design of Existing Code,Martin Fowler,"Fowler, Martin",,"=""0134757599""","=""9780134757599""",0,4.24,Addison-Wesley Professional,Hardcover,448,2018,1999,,2020/08/18,to-read,to-read (#16),to-read,,,,0,0
3735293,Clean Code: A Handbook of Agile Software Craftsmanship,Robert C. Martin,"Martin, Robert C.",,"=""0132350882""","=""9780132350884""",0,4.37,Pearson,Paperback,464,2008,2007,,2020/08/18,to-read,to-read (#15),to-read,,,,0,0
334227,Vidas secas,Graciliano Ramos,"Ramos, Graciliano",,"=""9500513749""","=""9789500513746""",5,4.22,Record,Paperback,176,2003,1938,2020/08/17,2020/08/11,,,read,Esse livro é uma experiência. Feliz por ter lido mais um nacional!,,,1,0
14942,Mrs. Dalloway,Virginia Woolf,"Woolf, Virginia",Maureen Howard,"=""0151009988""","=""9780151009985""",0,3.79,Houghton Mifflin Harcourt,Hardcover,194,2002,1925,,2020/08/12,to-read,to-read (#14),to-read,,,,0,0
136251,"Harry Potter and the Deathly Hallows (Harry Potter, #7)",J.K. Rowling,"Rowling, J.K.",,"=""""","=""""",5,4.62,Arthur A. Levine Books,Hardcover,759,2007,2007,2020/08/10,2020/07/07,,,read,MIL VEZES LENDÁRIO!,,,1,0
132084,Sisterhood is Powerful: An Anthology of Writings from the Women's Liberation Movement,Robin Morgan,"Morgan, Robin","Judith Ann, Frances M. Beal, Maria Ann Britton, Connie Brown, Rita Mae Brown, Lucinda Cisler, Charlotte Bonny Cohen, Mary Daly, Gene Damon, Roxanne Dunbar, Connie Dvorkin, Alice Embree, Marilyn Lowen Fletcher, Florika, Leah Fritz, Laura Furman, Lindsy Van Gelder, Miriam Gilbert, Carol Glassman, Sheila Smith Hobson, Beverly Jones, Joreen, Florynce Kennedy, Karen Lindsey, Susan Lydon, Pat Mainardi, Kate Millett, Rachel Moon, Zoe Moss, Eleanor Holmes Norton, Susan Pascale, Irene Peslikis, Marge Piercy, Sylvia Plath, Alice de Rivera, Janet Russo, Karen Sacks, Susan Schnall, Diane B. Schulder, Jane Seitz, Natalie Shainess, Martha Shelley, Mary Jane Sherfey, Valerie Solanis, Ellen Strong, Lynn Strongin, Susan Sutheim, Elizabeth Sutherland, Leslie B. Tanner, Jean Tepperman, Enriqueta Longauex y Vasquez, Naomi Weisstein, Jayne West","=""0394705394""","=""9780394705392""",0,4.21,Vintage Books,Paperback,602,1970,1970,,2020/08/02,to-read,to-read (#13),to-read,,,,0,0
13030110,All You Zombies,Robert A. Heinlein,"Heinlein, Robert A.",,"=""""","=""""",0,4.07,The Heinlein Archives,ebook,13,1959,1959,,2020/08/02,to-read,to-read (#12),to-read,,,,0,0
26131898,Comunicação não-violenta: Técnicas para aprimorar relacionamentos pessoais e profissionais,Marshall B. Rosenberg,"Rosenberg, Marshall B.",,"=""8571831416""","=""""",0,4.34,Editora Ágora,Kindle Edition,338,2010,1999,,2020/08/01,to-read,to-read (#11),to-read,,,,0,0
9717,The Unbearable Lightness of Being,Milan Kundera,"Kundera, Milan","Michael Henry Heim, Richmond Hoxie","=""0571224385""","=""9780571224388""",0,4.11,Harper Perennial,Paperback,314,2009,1984,,2020/07/22,to-read,to-read (#10),to-read,,,,0,0
37830765,Ten Arguments for Deleting Your Social Media Accounts Right Now,Jaron Lanier,"Lanier, Jaron",,"=""1847925391""","=""9781847925398""",5,3.58,The Bodley Head Ltd,Hardcover,146,2018,2018,2020/07/19,2020/05/18,,,read,Um Cientista da Computação humanizado com ideias extremamente ousadas e transformadoras.,,,1,0
15802693,Who Owns the Future?,Jaron Lanier,"Lanier, Jaron",,"=""1451654967""","=""9781451654967""",0,3.77,Simon & Schuster,Hardcover,367,2013,2013,,2020/07/19,to-read,to-read (#9),to-read,,,,0,0
13414215,"Humano, demasiado humano",Friedrich Nietzsche,"Nietzsche, Friedrich",,"=""8575567578""","=""9788575567579""",0,4.19,Escala,,303,2007,1878,,2020/07/19,to-read,to-read (#8),to-read,,,,0,0
20665467,"Harry Potter e o Enigma do Príncipe (Harry Potter, #6)",J.K. Rowling,"Rowling, J.K.",Lia Wyler,"=""8532523102""","=""9788532523105""",5,4.58,Rocco,Paperback,510,2005,2005,2020/07/18,2020/07/07,,,read,,,,1,0
4590544,Dalla parte delle bambine,Elena Gianini Belotti,"Belotti, Elena Gianini",,"=""8807809613""","=""9788807809613""",0,4.20,Feltrinelli,Paperback,196,1998,1973,,2020/07/12,to-read,to-read (#7),to-read,,,,0,0
9229801,La cuestión palpitante,Emilia Pardo Bazán,"Bazán, Emilia Pardo",,"=""1149429992""","=""9781149429990""",0,3.58,Nabu Press,Paperback,230,2010,1883,,2020/07/12,to-read,to-read (#6),to-read,,,,0,0
9544382,"A Guerra dos Tronos (As Crônicas de Gelo e Fogo, #1)",George R.R. Martin,"Martin, George R.R.",Jorge Candeias,"=""8562936529""","=""9788562936524""",0,4.44,Leya,Paperback,592,2010,1996,,2020/07/10,to-read,to-read (#5),to-read,,,,0,0
34949056,Da Poesia,Hilda Hilst,"Hilst, Hilda",Victor Heringer,"=""8535928855""","=""9788535928853""",4,4.58,Companhia das Letras,Paperback,616,2017,2017,,2020/06/25,,,read,,,,1,0
173689,"Harry Potter e a Ordem da Fênix (Harry Potter, #5)",J.K. Rowling,"Rowling, J.K.",Lia Wyler,"=""853251622X""","=""9788532516220""",5,4.50,Rocco,Paperback,704,2003,2003,2020/07/01,2020/06/18,,,read,,,,1,0
17212231,"Inferno (Robert Langdon, #4)",Dan       Brown,"Brown, Dan",,"=""0385537859""","=""9780385537858""",5,3.89,Doubleday,Hardcover,463,2013,2013,2020/06/17,2020/06/01,,,read,,,,1,0
36523045,"A Estranha Ordem das Coisas: A Vida, os Sentimentos e as Culturas Humanas",António Damásio,"Damásio, António","Luís Oliveira Santos, João Quina Edições","=""9896443343""","=""9789896443344""",0,3.75,Temas e Debates,Paperback,384,2017,2017,,2020/06/09,to-read,to-read (#3),to-read,,,,0,0
22389957,Guerra y Paz,Leo Tolstoy,"Tolstoy, Leo",,"=""""","=""""",0,4.16,editorial Hansben,Kindle Edition,408,2011,1869,,2020/06/07,to-read,to-read (#2),to-read,,,,0,0
2890781,O Mundo de Sofia,Jostein Gaarder,"Gaarder, Jostein",João Azenha Jr.,"=""8571644756""","=""9788571644755""",5,3.96,Companhia das Letras,Paperback,556,1995,1991,,2019/12/03,,,read,,,,2,0
25098700,O Segundo Sexo: Volume 2 - A Experiência Vivida,Simone de Beauvoir,"Beauvoir, Simone de",Sérgio Milliet,"=""""","=""9789897221941""",0,4.24,Quetzal Editores,Paperback,594,2015,,,2020/06/04,to-read,to-read (#1),to-read,,,,0,0
8082630,"O Segundo Sexo (O segundo sexo, #1)",Simone de Beauvoir,"Beauvoir, Simone de",Sérgio Milliet,"=""9725647769""","=""9789725647769""",5,4.22,Quetzal,Paperback,414,2009,1949,2020/06/04,2019/12/06,,,read,,,,1,0
23636478,"Harry Potter e o Cálice de Fogo (Harry Potter, #4)",J.K. Rowling,"Rowling, J.K.","Isabel Fraga, Isabel Nunes, Manuela Madureira","=""""","=""""",0,4.57,Editorial Presença,Paperback,591,2014,2000,2020/05/23,2020/05/13,,,read,,,,1,0
5,"Harry Potter and the Prisoner of Azkaban (Harry Potter, #3)",J.K. Rowling,"Rowling, J.K.",Mary GrandPré,"=""043965548X""","=""9780439655484""",5,4.58,Scholastic Inc.,Mass Market Paperback,435,2004,1999,2020/05/13,2020/04/19,,,read,,,,1,0
15881,"Harry Potter and the Chamber of Secrets (Harry Potter, #2)",J.K. Rowling,"Rowling, J.K.",Mary GrandPré,"=""""","=""""",0,4.43,Arthur A. Levine Books,Hardcover,352,1999,1998,2020/04/19,2020/04/04,,,read,,,,2,0
3,"Harry Potter and the Sorcerer's Stone (Harry Potter, #1)",J.K. Rowling,"Rowling, J.K.",,"=""""","=""""",0,4.47,Scholastic Inc,Hardcover,309,2003,1997,2020/04/09,2020/02/24,,,read,,,,2,0
51185977,Orgulho e Preconceito,Jane Austen,"Austen, Jane",,"=""""","=""9789722620031""",5,4.29,Civilização Editora,Hardcover,330,2004,1813,,2019/12/03,,,read,,,,1,0
25775093,Presos que menstruam: A brutal vida das mulheres - tratadas como homens - nas prisões brasileiras,Nana Queiroz,"Queiroz, Nana",,"=""8501103675""","=""9788501103673""",5,4.25,Record,Paperback,294,2015,2015,,2020/02/07,,,read,,,,1,0
309308,Viva o Povo Brasileiro,João Ubaldo Ribeiro,"Ribeiro, João Ubaldo",,"=""8520906044""","=""9788520906040""",5,4.46,Nova Fronteira,,640,1984,1984,2019/12/06,2019/12/03,,,read,"Livro incrível! Perfeito para compreender o processo de construção da nação brasileira, além de que, se lido com olhar crítico é possível perceber as origens de muitas das mazelas sociais presentes no Brasil atual. Por fim, uma riqueza de cultura e um misto de sensações ao ler esta obra prima, a qual possui desde momentos cômicos a momentos revoltantes de muita violência e desigualdades. Uma verdadeira aula de História!",,,1,0
7791997,"Crescendo (Hush, Hush, #2)",Becca Fitzpatrick,"Fitzpatrick, Becca",,"=""1416989439""","=""9781416989431""",0,3.98,Simon & Schuster,Hardcover,427,2010,2010,,2019/12/15,,,read,,,,1,0
10637766,"Silence (Hush, Hush, #3)",Becca Fitzpatrick,"Fitzpatrick, Becca",,"=""1442426640""","=""9781442426641""",0,4.07,Simon & Schuster,Hardcover,440,2011,2011,,2019/12/15,,,read,,,,1,0
6339664,"Hush, Hush (Hush, Hush, #1)",Becca Fitzpatrick,"Fitzpatrick, Becca",,"=""1416989412""","=""9781416989417""",0,3.92,Simon & Schuster,Hardcover,391,2009,2009,,2019/12/15,,,read,,,,1,0
20360659,Ansiedade - Como Enfrentar o Mal do Século,Augusto Cury,"Cury, Augusto",,"=""8502218484""","=""9788502218482""",0,3.47,Saraiva,Paperback,160,2013,2013,,2019/12/03,,,read,,,,1,0
19380,Candide,Voltaire,"Voltaire, Voltaire","Rockwell Kent, Walter Jerrold, Don Hagen, Sara Gioacchino Corcos","=""0486266893""","=""9780486266893""",0,3.76,"Dover Publications, Incorporated",Paperback,129,1991,1759,,2019/12/03,,,read,,,,1,0
762390,The Hour of the Star,Clarice Lispector,"Lispector, Clarice",Giovanni Pontiero,"=""0811211908""","=""9780811211901""",5,4.09,New Directions,Paperback,96,1992,1977,,2019/12/03,,,read,,,,1,0
2748046,Laranja Mecânica,Anthony Burgess,"Burgess, Anthony",Fábio Fernandes,"=""""","=""""",0,4.00,Aleph,Paperback,224,2004,1962,,2019/12/03,,,read,,,,1,0
87263,O Alienista,Machado de Assis,"Assis, Machado de",,"=""0850515068""","=""9780850515060""",0,4.10,Luso-Brazilian Books,Paperback,56,2006,1881,,2019/12/03,,,read,,,,1,0
19547856,"Simon vs. the Homo Sapiens Agenda (Simonverse, #1)",Becky Albertalli,"Albertalli, Becky",,"=""0062348671""","=""9780062348678""",0,4.15,Balzer + Bray,Hardcover,320,2015,2015,,2019/12/03,,,read,,,,1,0
87265,Quincas Borba,Machado de Assis,"Assis, Machado de","Celso Favaretto, Gregory Rabassa, David T. Haberly","=""0195106822""","=""9780195106824""",0,3.95,Oxford University Press,Paperback,320,1999,1891,,2019/12/03,,,read,,,,1,0
38103904,"Feminismo em Comum: para Todas, Todes e Todos",Marcia Tiburi,"Tiburi, Marcia",,"=""8501113514""","=""9788501113511""",5,3.67,Rosa dos Tempos,Paperback,126,2018,2018,,2019/12/03,,,read,,,,1,0
976,Deception Point,Dan       Brown,"Brown, Dan",,"=""0671027387""","=""9780671027384""",5,3.76,Pocket Books,Paperback,556,2002,2001,,2019/12/03,,,read,,,,1,0
968,"The Da Vinci Code (Robert Langdon, #2)",Dan       Brown,"Brown, Dan",,"=""""","=""""",5,3.92,Anchor,Paperback,489,2006,2003,,2019/12/03,,,read,,,,1,0
